{
  "IsolationForest": {
    "acc": 0.6228844925890138,
    "f1": 0.4807307755152854,
    "auc": 0.6402634724563937
  },
  "LSTM-AE": {
    "acc": 0.42193742336141765,
    "f1": 0.0,
    "auc": 0.19991670223063532,
    "threshold": 0.33761197328567505
  },
  "Ablation": {
    "Static": {
      "acc": 0.4055332350099171,
      "f1": 0.24517295563639493
    },
    "MetaOnly": {
      "acc": 0.44012725536399444,
      "f1": 0.3532828991599381
    },
    "Full": {
      "acc": 0.4719410963625987,
      "f1": 0.0
    }
  },
  "EdgeProfile": {
    "total_size_kb": 178.9296875,
    "latency_ms": 7.004499435424805
  }
}