{
  "epochs": 20,
  "best_val_f1": 0.0,
  "test_acc": 0.1830091504575229,
  "test_f1": 0.3093960015216197,
  "test_confusion": [
    [
      0,
      16339
    ],
    [
      0,
      3660
    ]
  ]
}